{
	"info": {
		"_postman_id": "ac6afa6f-cc7c-42f7-bb60-6c010f4945f5",
		"name": "ITBObjects Runner",
		"schema": "https://schema.getpostman.com/json/collection/v2.1.0/collection.json",
		"_exporter_id": "39028964"
	},
	"item": [
		{
			"name": "List of All Objects",
			"event": [
				{
					"listen": "test",
					"script": {
						"exec": [
							"pm.test(\"Status code is 200\", function () {\r",
							"    pm.response.to.have.status(200);\r",
							"});"
						],
						"type": "text/javascript",
						"packages": {}
					}
				}
			],
			"request": {
				"method": "GET",
				"header": [],
				"url": {
					"raw": "{{baseURI}}/{{objectsParameter}}",
					"host": [
						"{{baseURI}}"
					],
					"path": [
						"{{objectsParameter}}"
					]
				}
			},
			"response": []
		},
		{
			"name": "List Of Objects By IDs",
			"event": [
				{
					"listen": "test",
					"script": {
						"exec": [
							"pm.test(\"Status code is 200\", function () {\r",
							"    pm.response.to.have.status(200);\r",
							"});"
						],
						"type": "text/javascript",
						"packages": {}
					}
				}
			],
			"request": {
				"method": "GET",
				"header": [],
				"url": {
					"raw": "{{baseURI}}/{{objectsParameter}}?{{listIDs}}",
					"host": [
						"{{baseURI}}"
					],
					"path": [
						"{{objectsParameter}}"
					],
					"query": [
						{
							"key": "{{listIDs}}",
							"value": null
						}
					]
				}
			},
			"response": []
		},
		{
			"name": "Add Object",
			"event": [
				{
					"listen": "test",
					"script": {
						"exec": [
							"pm.environment.set(\"objectID\", pm.response.json().id);\r",
							"\r",
							"pm.test(\"Status code is 200\", function () {\r",
							"    pm.response.to.have.status(200);\r",
							"});\r",
							"\r",
							"pm.test(\"Object ID is present\", function () {\r",
							"    var jsonData = pm.response.json();\r",
							"    pm.expect(jsonData.id).to.exist;\r",
							"});\r",
							""
						],
						"type": "text/javascript",
						"packages": {}
					}
				}
			],
			"request": {
				"method": "POST",
				"header": [],
				"body": {
					"mode": "raw",
					"raw": "{\r\n   \"name\": \"Apple MacBook Pro 17\",\r\n   \"data\": {\r\n      \"year\": 2019,\r\n      \"price\": 1849.99,\r\n      \"CPU model\": \"Intel Core i9\",\r\n      \"Hard disk size\": \"1 TB\"\r\n   }\r\n}",
					"options": {
						"raw": {
							"language": "json"
						}
					}
				},
				"url": {
					"raw": "{{baseURI}}/{{objectsParameter}}",
					"host": [
						"{{baseURI}}"
					],
					"path": [
						"{{objectsParameter}}"
					]
				}
			},
			"response": []
		},
		{
			"name": "Single Object",
			"event": [
				{
					"listen": "test",
					"script": {
						"exec": [
							"pm.test(\"Status code is 200\", function () {\r",
							"    pm.response.to.have.status(200);\r",
							"});\r",
							"\r",
							"pm.test(\"Object price is 1849.99\", function () {\r",
							"    var jsonData = pm.response.json();\r",
							"    pm.expect(jsonData.data.price).to.eql(1849.99);\r",
							"});"
						],
						"type": "text/javascript",
						"packages": {}
					}
				}
			],
			"request": {
				"method": "GET",
				"header": [],
				"url": {
					"raw": "{{baseURI}}/{{objectsParameter}}/{{objectID}}",
					"host": [
						"{{baseURI}}"
					],
					"path": [
						"{{objectsParameter}}",
						"{{objectID}}"
					]
				}
			},
			"response": []
		},
		{
			"name": "Update Object",
			"event": [
				{
					"listen": "test",
					"script": {
						"exec": [
							"pm.test(\"Status code is 200\", function () {\r",
							"    pm.response.to.have.status(200);\r",
							"});"
						],
						"type": "text/javascript",
						"packages": {}
					}
				}
			],
			"request": {
				"method": "PUT",
				"header": [],
				"body": {
					"mode": "raw",
					"raw": "{\r\n   \"name\": \"Apple MacBook Pro 17\",\r\n   \"data\": {\r\n      \"year\": 2019,\r\n      \"price\": 2049.99,\r\n      \"CPU model\": \"Intel Core i9\",\r\n      \"Hard disk size\": \"1 TB\",\r\n      \"color\": \"silver\"\r\n   }\r\n}",
					"options": {
						"raw": {
							"language": "json"
						}
					}
				},
				"url": {
					"raw": "{{baseURI}}/{{objectsParameter}}/{{objectID}}",
					"host": [
						"{{baseURI}}"
					],
					"path": [
						"{{objectsParameter}}",
						"{{objectID}}"
					]
				}
			},
			"response": []
		},
		{
			"name": "Single Object After Update",
			"event": [
				{
					"listen": "test",
					"script": {
						"exec": [
							"pm.test(\"Status code is 200\", function () {\r",
							"    pm.response.to.have.status(200);\r",
							"});\r",
							"\r",
							"pm.test(\"Object price is changed\", function () {\r",
							"    var jsonData = pm.response.json();\r",
							"    pm.expect(jsonData.data.price).to.eql(2049.99);\r",
							"});\r",
							"\r",
							"\r",
							"pm.test(\"Object color is silver\", function () {\r",
							"    var jsonData = pm.response.json();\r",
							"    pm.expect(jsonData.data.color).to.eql(\"silver\");\r",
							"});"
						],
						"type": "text/javascript",
						"packages": {}
					}
				}
			],
			"request": {
				"method": "GET",
				"header": [],
				"url": {
					"raw": "{{baseURI}}/{{objectsParameter}}/{{objectID}}",
					"host": [
						"{{baseURI}}"
					],
					"path": [
						"{{objectsParameter}}",
						"{{objectID}}"
					]
				}
			},
			"response": []
		},
		{
			"name": "Partially Update Object",
			"event": [
				{
					"listen": "test",
					"script": {
						"exec": [
							"pm.test(\"Status code is 200\", function () {\r",
							"    pm.response.to.have.status(200);\r",
							"});"
						],
						"type": "text/javascript",
						"packages": {}
					}
				}
			],
			"request": {
				"method": "PATCH",
				"header": [],
				"body": {
					"mode": "raw",
					"raw": "{\r\n   \"name\": \"Apple MacBook Pro 17 (Oled)\"\r\n}",
					"options": {
						"raw": {
							"language": "json"
						}
					}
				},
				"url": {
					"raw": "{{baseURI}}/{{objectsParameter}}/{{objectID}}",
					"host": [
						"{{baseURI}}"
					],
					"path": [
						"{{objectsParameter}}",
						"{{objectID}}"
					]
				}
			},
			"response": []
		},
		{
			"name": "Single Object After Partial Update",
			"event": [
				{
					"listen": "test",
					"script": {
						"exec": [
							"pm.test(\"Status code is 200\", function () {\r",
							"    pm.response.to.have.status(200);\r",
							"});\r",
							"\r",
							"pm.test(\"Object screen is Oled\", function () {\r",
							"    var jsonData = pm.response.json();\r",
							"    pm.expect(jsonData.name).to.eql(\"Apple MacBook Pro 17 (Oled)\");\r",
							"});"
						],
						"type": "text/javascript",
						"packages": {}
					}
				}
			],
			"request": {
				"method": "GET",
				"header": [],
				"url": {
					"raw": "{{baseURI}}/{{objectsParameter}}/{{objectID}}",
					"host": [
						"{{baseURI}}"
					],
					"path": [
						"{{objectsParameter}}",
						"{{objectID}}"
					]
				}
			},
			"response": []
		},
		{
			"name": "Delete Object",
			"event": [
				{
					"listen": "test",
					"script": {
						"exec": [
							"pm.test(\"Status code is 200\", function () {\r",
							"    pm.response.to.have.status(200);\r",
							"});"
						],
						"type": "text/javascript",
						"packages": {}
					}
				}
			],
			"request": {
				"method": "DELETE",
				"header": [],
				"url": {
					"raw": "{{baseURI}}/{{objectsParameter}}/{{objectID}}",
					"host": [
						"{{baseURI}}"
					],
					"path": [
						"{{objectsParameter}}",
						"{{objectID}}"
					]
				}
			},
			"response": []
		},
		{
			"name": "Single Object After Removing Object",
			"event": [
				{
					"listen": "test",
					"script": {
						"exec": [
							"pm.test(\"Status code is 404\", function () {\r",
							"    pm.response.to.have.status(404);\r",
							"});"
						],
						"type": "text/javascript",
						"packages": {}
					}
				}
			],
			"request": {
				"method": "GET",
				"header": [],
				"url": {
					"raw": "{{baseURI}}/{{objectsParameter}}/{{objectID}}",
					"host": [
						"{{baseURI}}"
					],
					"path": [
						"{{objectsParameter}}",
						"{{objectID}}"
					]
				}
			},
			"response": []
		}
	]
}