{
	"id": "11a7f641-c73c-4ed9-9e69-25bbf9f7c6be",
	"name": "ITObjects",
	"values": [
		{
			"key": "baseURI",
			"value": "https://api.restful-api.dev",
			"type": "default",
			"enabled": true
		},
		{
			"key": "objectsParameter",
			"value": "objects",
			"type": "default",
			"enabled": true
		},
		{
			"key": "objectID",
			"value": "",
			"type": "default",
			"enabled": true
		},
		{
			"key": "listIDs",
			"value": "id=3&id=5&id=10",
			"type": "default",
			"enabled": true
		}
	],
	"_postman_variable_scope": "environment",
	"_postman_exported_at": "2024-10-20T20:41:46.303Z",
	"_postman_exported_using": "Postman/11.17.1"
}